,Aphelinus sp.8,Aphelinus varipes,Aphidius absinthii,Aphidius avenae,Aphidius banksae,Aphidius eadyi,Aphidius ervi,Aphidius funebris,Aphidius matricariae,Aphidius microlophii,Aphidius rhopalosiphi,Aphidius rosae,Aphidius sonchi,Aphidius sp. 21,Aphidius sp. 23,Aphidius sp. 27,Aphidius urticae,Euaphidius setiger,Binodoxys acalephae,Binodoxys angelicae,Binodoxys sp. 1,Trioxys sp. 176,Trioxys sp. 39,Trioxys sp. 56,Ephedrus californicus,Ephedrus lacertosus,Ephedrus plagiator,Falciconus pseudoplatani,Lysiphlebus fabarum,Lysiphlebus testaceipes,Monoctonus caricis,Monoctonus leclanti,Areopraon silvestre,Praon barbatum,Praon dorsale,Praon gallicum,Praon sp. 37,Praon sp. 82,Praon volucre,Toxares deltiger
Acyrthosiphon pisum,0,0,0,0,12,1,73,0,0,3,1,0,0,0,0,0,0,0,0,0,0,0,0,0,0,0,0,0,0,0,0,0,0,3,0,0,0,0,0,0
Amphorophora rubi,0,0,0,0,0,0,0,0,0,0,1,0,0,0,1,0,90,0,0,0,0,0,0,0,0,0,0,0,0,0,0,0,0,0,1,0,0,0,0,0
Aphis fabae,0,0,0,0,0,0,1,0,1,0,0,0,1,0,0,1,0,0,5,1,1,0,0,0,0,0,0,0,18,40,0,0,0,0,0,0,0,0,0,0
Aphis ruborum,0,0,0,0,0,0,0,0,0,0,0,0,0,0,0,0,0,0,3,0,0,0,0,0,0,0,0,0,0,0,0,0,0,0,0,0,0,0,0,0
Cavariella pastinacae,0,0,0,0,0,0,0,0,0,0,0,0,0,0,0,0,0,0,0,0,5,0,0,0,0,0,0,0,0,0,0,0,0,0,0,0,0,0,0,0
Cavariella theobaldi,0,0,0,0,0,0,0,0,0,0,0,0,0,0,0,0,0,0,0,0,22,0,0,0,0,0,0,0,0,0,0,0,0,0,0,0,0,1,2,0
Drepanosiphum platanoidis,58,0,0,0,0,0,0,0,0,0,0,0,0,0,0,0,0,0,0,0,0,0,3,1,0,0,0,7,0,0,0,0,0,0,0,0,0,0,0,0
Hyperomyzus lactucae,0,0,0,0,0,0,0,0,0,0,0,0,29,0,0,0,0,0,0,0,0,0,0,0,0,0,0,0,0,0,0,0,0,0,0,0,11,0,0,0
Macrosiphoniella artemisiae,0,0,85,0,0,0,0,0,0,0,0,0,0,0,0,0,0,0,0,0,0,0,0,0,0,0,0,0,0,0,0,0,0,0,0,0,0,0,0,0
Macrosiphum euphorbiae,0,0,0,0,0,0,24,0,1,0,63,2,1,0,0,4,3,0,0,0,0,0,0,0,4,0,0,0,0,0,0,1,1,0,1,0,16,0,9,1
Macrosiphum funestum,0,0,0,0,0,0,2,1,0,0,4,5,0,0,0,0,0,0,0,0,0,0,0,0,0,3,0,0,1,0,0,0,0,0,0,0,2,0,1,0
Macrosiphum gei,0,0,0,0,0,0,9,0,0,0,54,0,0,0,0,0,0,0,0,0,0,0,0,0,0,6,0,0,0,0,0,0,0,0,0,0,0,0,0,0
Macrosiphum hellebori,0,1,0,0,0,0,1,0,0,0,44,0,0,0,0,0,0,0,0,0,0,0,0,0,0,0,0,0,0,0,0,0,0,0,0,0,4,0,6,0
Macrosiphum rosae,0,0,0,0,0,0,2,0,0,0,5,133,0,0,0,0,0,0,0,0,0,0,0,0,3,5,1,0,0,0,0,0,1,0,0,0,0,0,0,0
Metopolophium dirhodum,0,0,0,0,0,0,0,0,0,0,5,0,0,0,0,1,0,0,0,0,0,0,0,0,0,0,4,0,0,0,0,0,0,0,0,1,0,0,0,0
Periphyllus lyropictus,0,0,0,0,0,0,0,0,0,0,0,0,0,0,0,0,0,45,0,0,0,0,0,0,0,0,0,0,0,0,0,0,0,0,0,0,0,0,0,0
Periphyllus testudinaceus,0,0,0,0,0,0,0,0,0,0,0,0,0,0,0,0,0,1,0,0,0,2,0,0,0,0,0,0,0,0,0,0,0,0,0,0,0,0,0,0
Sitobion avenae,0,0,0,3,0,0,0,0,0,0,2,0,0,0,0,0,0,0,0,0,0,0,0,0,0,0,0,0,0,0,0,0,0,0,0,0,0,0,0,0
Sitobion fragariae,0,0,0,0,0,0,0,0,0,0,1,0,0,0,13,0,0,0,0,0,0,0,0,0,0,0,1,0,0,0,0,0,0,0,0,0,0,0,0,0
Uroleucon sonchi,0,0,0,0,0,0,0,14,2,0,0,0,1,0,0,0,0,0,0,0,0,0,0,0,0,0,0,0,0,0,0,0,0,0,0,0,3,0,1,0
Utamphorophora humboldti,0,0,0,0,0,0,0,0,0,0,1,0,0,0,0,0,0,0,0,0,0,0,0,0,0,0,0,0,0,0,1,0,0,0,0,0,0,0,0,0
Wahlgreniella nervata,0,0,0,0,0,0,0,0,0,0,0,0,0,7,0,0,0,0,0,0,0,0,0,0,0,0,0,0,0,0,0,0,0,0,0,0,0,0,0,0
