"","231","2578","2611","4981","5032","93","N_4_75","N_P4_6","N_2_65","N_2_83","3467","2184","990","2687","N_4_15","N_1_88","N_P1_54","3448","1473"
"Amphorophora rubi",4,1,1,1,0,0,0,0,0,0,0,0,0,0,0,0,0,0,0
"Aphis fabae",1,0,0,0,2,2,4,3,0,0,0,0,0,0,0,0,0,0,0
"Cavariella pastinacae",1,0,0,0,0,0,0,0,0,0,0,0,0,0,0,0,0,0,0
"Cavariella theobaldi",4,0,0,0,0,0,0,0,1,2,0,0,0,0,0,0,0,0,0
"Drepanosiphum platanoidis",0,0,0,0,0,0,0,0,0,0,7,0,0,0,0,0,0,0,0
"Hyperomyzus lactucae",0,0,6,0,0,1,0,0,0,0,0,9,2,0,0,0,0,0,0
"Macrosiphoniella artemisiae",0,0,0,0,0,0,0,0,0,0,0,0,0,5,0,0,0,0,0
"Macrosiphum euphorbiae",19,0,0,0,0,0,0,0,0,0,0,0,0,0,0,0,0,0,0
"Macrosiphum funestum",3,0,0,4,0,0,1,0,4,0,0,0,0,0,0,0,0,0,0
"Macrosiphum gei",3,0,0,0,0,0,0,0,0,0,0,0,0,0,1,0,0,0,0
"Macrosiphum hellebori",6,0,0,0,0,0,0,0,0,0,0,0,0,0,0,0,0,0,0
"Macrosiphum rosae",2,0,0,0,0,0,0,0,0,0,0,0,0,0,0,0,0,0,0
"Periphyllus lyropictus",0,6,0,0,0,1,0,0,0,0,0,0,0,0,0,16,1,0,0
"Periphyllus testudinaceus",0,0,0,0,0,0,0,0,0,0,0,0,0,0,0,0,0,1,0
"Utamphorophora humboldti",2,0,0,0,0,0,0,0,0,0,0,0,0,0,0,0,0,0,0
"Wahlgreniella nervata",0,0,0,0,0,0,0,0,0,0,0,0,0,0,0,0,0,0,2
