"","Aphidius banksae","Aphidius eadyi","Aphidius ervi","Aphidius microlophii","Aphidius rhopalosiphi clade3","Praon barbatum","Aphidius sp. 23","Aphidius urticae","Praon dorsale","Aphidius matricariae","Aphidius sonchi","Aphidius sp. 27","Binodoxys acalephae","Binodoxys angelicae","Binodoxys sp. 1","Lysiphlebus fabarum","Lysiphlebus testaceipes","Praon sp. 82","Praon volucre clade2","Aphelinus sp. 8","Falciconus pseudoplatani","Trioxys sp. 39","Trioxys sp. 56","Praon sp. 37","Aphidius absinthii","Aphidius rhopalosiphi clade1","Aphidius rhopalosiphi clade2","Aphidius rosae","Areopraon silvestre","Ephedrus californicus","Monoctonus leclanti","Praon volucre clade1","Toxares deltiger","Aphidius funebris","Ephedrus lacertosus clade1","Ephedrus lacertosus clade2","Aphelinus varipes","Ephedrus plagiator","Praon gallicum","Euaphidius setiger clade1","Euaphidius setiger clade2","Trioxys sp. 176","Aphidius avenae","Monoctonus caricis","Aphidius sp. 21"
"Acyrthosiphon pisum",12,1,73,3,1,3,0,0,0,0,0,0,0,0,0,0,0,0,0,0,0,0,0,0,0,0,0,0,0,0,0,0,0,0,0,0,0,0,0,0,0,0,0,0,0
"Amphorophora rubi",0,0,0,0,1,0,1,90,1,0,0,0,0,0,0,0,0,0,0,0,0,0,0,0,0,0,0,0,0,0,0,0,0,0,0,0,0,0,0,0,0,0,0,0,0
"Aphis fabae",0,0,1,0,0,0,0,0,0,1,1,1,5,1,1,18,40,0,0,0,0,0,0,0,0,0,0,0,0,0,0,0,0,0,0,0,0,0,0,0,0,0,0,0,0
"Aphis ruborum",0,0,0,0,0,0,0,0,0,0,0,0,3,0,0,0,0,0,0,0,0,0,0,0,0,0,0,0,0,0,0,0,0,0,0,0,0,0,0,0,0,0,0,0,0
"Cavariella pastinacae",0,0,0,0,0,0,0,0,0,0,0,0,0,0,5,0,0,0,0,0,0,0,0,0,0,0,0,0,0,0,0,0,0,0,0,0,0,0,0,0,0,0,0,0,0
"Cavariella theobaldi",0,0,0,0,0,0,0,0,0,0,0,0,0,0,22,0,0,1,2,0,0,0,0,0,0,0,0,0,0,0,0,0,0,0,0,0,0,0,0,0,0,0,0,0,0
"Drepanosiphum platanoidis",0,0,0,0,0,0,0,0,0,0,0,0,0,0,0,0,0,0,0,58,7,3,1,0,0,0,0,0,0,0,0,0,0,0,0,0,0,0,0,0,0,0,0,0,0
"Hyperomyzus lactucae",0,0,0,0,0,0,0,0,0,0,29,0,0,0,0,0,0,0,0,0,0,0,0,11,0,0,0,0,0,0,0,0,0,0,0,0,0,0,0,0,0,0,0,0,0
"Macrosiphoniella artemisiae",0,0,0,0,0,0,0,0,0,0,0,0,0,0,0,0,0,0,0,0,0,0,0,0,85,0,0,0,0,0,0,0,0,0,0,0,0,0,0,0,0,0,0,0,0
"Macrosiphum euphorbiae",0,0,24,0,1,0,0,3,1,1,1,4,0,0,0,0,0,0,3,0,0,0,0,16,0,56,6,2,1,4,1,6,1,0,0,0,0,0,0,0,0,0,0,0,0
"Macrosiphum funestum",0,0,2,0,0,0,0,0,0,0,0,0,0,0,0,1,0,0,1,0,0,0,0,2,0,0,4,5,0,0,0,0,0,1,2,1,0,0,0,0,0,0,0,0,0
"Macrosiphum gei",0,0,9,0,3,0,0,0,0,0,0,0,0,0,0,0,0,0,0,0,0,0,0,0,0,33,18,0,0,0,0,0,0,0,6,0,0,0,0,0,0,0,0,0,0
"Macrosiphum hellebori",0,0,1,0,0,0,0,0,0,0,0,0,0,0,0,0,0,0,1,0,0,0,0,4,0,43,1,0,0,0,0,5,0,0,0,0,1,0,0,0,0,0,0,0,0
"Macrosiphum rosae",0,0,2,0,3,0,0,0,0,0,0,0,0,0,0,0,0,0,0,0,0,0,0,0,0,1,1,133,1,3,0,0,0,0,5,0,0,1,0,0,0,0,0,0,0
"Metopolophium dirhodum",0,0,0,0,0,0,0,0,0,0,0,1,0,0,0,0,0,0,0,0,0,0,0,0,0,5,0,0,0,0,0,0,0,0,0,0,0,4,1,0,0,0,0,0,0
"Periphyllus lyropictus",0,0,0,0,0,0,0,0,0,0,0,0,0,0,0,0,0,0,0,0,0,0,0,0,0,0,0,0,0,0,0,0,0,0,0,0,0,0,0,41,4,0,0,0,0
"Periphyllus testudinaceus",0,0,0,0,0,0,0,0,0,0,0,0,0,0,0,0,0,0,0,0,0,0,0,0,0,0,0,0,0,0,0,0,0,0,0,0,0,0,0,1,0,2,0,0,0
"Sitobion avenae",0,0,0,0,0,0,0,0,0,0,0,0,0,0,0,0,0,0,0,0,0,0,0,0,0,1,1,0,0,0,0,0,0,0,0,0,0,0,0,0,0,0,3,0,0
"Sitobion fragariae",0,0,0,0,0,0,13,0,0,0,0,0,0,0,0,0,0,0,0,0,0,0,0,0,0,1,0,0,0,0,0,0,0,0,0,0,0,1,0,0,0,0,0,0,0
"Uroleucon sonchi",0,0,0,0,0,0,0,0,0,2,1,0,0,0,0,0,0,0,0,0,0,0,0,3,0,0,0,0,0,0,0,1,0,14,0,0,0,0,0,0,0,0,0,0,0
"Utamphorophora humboldti",0,0,0,0,0,0,0,0,0,0,0,0,0,0,0,0,0,0,0,0,0,0,0,0,0,1,0,0,0,0,0,0,0,0,0,0,0,0,0,0,0,0,0,1,0
"Wahlgreniella nervata",0,0,0,0,0,0,0,0,0,0,0,0,0,0,0,0,0,0,0,0,0,0,0,0,0,0,0,0,0,0,0,0,0,0,0,0,0,0,0,0,0,0,0,0,7
